Accession Number,Entrez Gene Symbol,Kinase,Mutant,uniprot,pocket structure,
NP_055726.3,AAK1,AAK1,NO,Q2M2I8,TRUE,
NP_005148.2,ABL1,ABL1(E255K)-phosphorylated,YES,#N/A,FALSE,
NP_005148.2,ABL1,ABL1(F317I)-nonphosphorylated,YES,#N/A,FALSE,
NP_005148.2,ABL1,ABL1(F317I)-phosphorylated,YES,#N/A,FALSE,
NP_005148.2,ABL1,ABL1(F317L)-nonphosphorylated,YES,#N/A,FALSE,
NP_005148.2,ABL1,ABL1(F317L)-phosphorylated,YES,#N/A,FALSE,
NP_005148.2,ABL1,ABL1(H396P)-nonphosphorylated,YES,#N/A,FALSE,
NP_005148.2,ABL1,ABL1(H396P)-phosphorylated,YES,#N/A,FALSE,
NP_005148.2,ABL1,ABL1(M351T)-phosphorylated,YES,#N/A,FALSE,
NP_005148.2,ABL1,ABL1(Q252H)-nonphosphorylated,YES,#N/A,FALSE,
NP_005148.2,ABL1,ABL1(Q252H)-phosphorylated,YES,#N/A,FALSE,
NP_005148.2,ABL1,ABL1(T315I)-nonphosphorylated,YES,#N/A,FALSE,
NP_005148.2,ABL1,ABL1(T315I)-phosphorylated,YES,#N/A,FALSE,
NP_005148.2,ABL1,ABL1(Y253F)-phosphorylated,YES,#N/A,FALSE,
NP_005148.2,ABL1,ABL1-nonphosphorylated,NO,#N/A,FALSE,
NP_005148.2,ABL1,ABL1-phosphorylated,NO,#N/A,FALSE,
NP_005149.3,ABL2,ABL2,NO,#N/A,FALSE,
NP_001096.1,ACVR1,ACVR1,NO,Q04771,TRUE,
NP_004293.1,ACVR1B,ACVR1B,NO,P36896,TRUE,
NP_001607.1,ACVR2A,ACVR2A,NO,P27037,TRUE,
NP_001097.2,ACVR2B,ACVR2B,NO,Q13705,TRUE,
NP_000011.1,ACVRL1,ACVRL1,NO,#N/A,FALSE,
NP_064632.2,CABC1,ADCK3,NO,Q8NI60,TRUE,
NP_079152.3,ADCK4,ADCK4,NO,Q96D53,TRUE,
NP_005154.2,AKT1,AKT1,NO,P31749,TRUE,
NP_001617.1,AKT2,AKT2,NO,P31751,TRUE,
NP_005456.1,AKT3,AKT3,NO,Q9Y243,TRUE,
NP_004295.2,ALK,ALK,NO,Q9UM73,TRUE,
BAA36547.1,PRKAA1,AMPK-alpha1,NO,Q13131,TRUE,
NP_006243.2,PRKAA2,AMPK-alpha2,NO,P54646,TRUE,
NP_848605.1,ANKK1,ANKK1,NO,Q8NFD2,TRUE,
NP_055655.1,NUAK1,ARK5,NO,O60285,TRUE,
NP_005914.1,MAP3K5,ASK1,NO,#N/A,FALSE,
NP_004663.3,MAP3K6,ASK2,NO,O95382,TRUE,
NP_003591.2,AURKA,AURKA,NO,O14965,TRUE,
AAH00442.2,AURKB,AURKB,NO,#N/A,FALSE,
AAC77369.1,AURKC,AURKC,NO,#N/A,FALSE,
NP_001690.2,AXL,AXL,NO,P30530,TRUE,
NP_060063.2,BMP2K,BIKE,NO,Q9NSY1,TRUE,
NP_001706.2,BLK,BLK,NO,#N/A,FALSE,
NP_004320.2,BMPR1A,BMPR1A,NO,P36894,TRUE,
NP_001194.1,BMPR1B,BMPR1B,NO,O00238,TRUE,
NP_001195.2,BMPR2,BMPR2,NO,Q13873,TRUE,
NP_001712.1,BMX,BMX,NO,P51813,TRUE,
NP_004324.2,BRAF,BRAF,NO,P15056,TRUE,
NP_004324.2,BRAF,BRAF(V600E),YES,#N/A,FALSE,
NP_005966.1,PTK6,BRK,NO,Q13882,TRUE,
NP_115806.1,BRSK1,BRSK1,NO,Q8TDC3,TRUE,
NP_003948.2,BRSK2,BRSK2,NO,Q8IWQ3,TRUE,
NP_000052.1,BTK,BTK,NO,Q06187,TRUE,
NP_003647.1,CAMK1,CAMK1,NO,Q14012,TRUE,
NP_065130.1,CAMK1D,CAMK1D,NO,Q8IU85,TRUE,
NP_065172.1,CAMK1G,CAMK1G,NO,Q96NX5,TRUE,
NP_741960.1,CAMK2A,CAMK2A,NO,Q9UQM7,TRUE,
NP_001211.3,CAMK2B,CAMK2B,NO,Q13554,TRUE,
AAD20442.1,CAMK2D,CAMK2D,NO,Q13557,FALSE,
NP_751913.1,CAMK2G,CAMK2G,NO,Q13555,TRUE,
NP_001735.1,CAMK4,CAMK4,NO,Q16566,TRUE,
NP_115670.1,CAMKK1,CAMKK1,NO,Q8N5S9,TRUE,
NP_006540.3,CAMKK2,CAMKK2,NO,Q96RR4,TRUE,
NP_003679.2,CASK,CASK,NO,O14936,TRUE,
NP_277023.1,CDC2L1,CDC2L1,NO,#N/A,FALSE,
NP_076916.1,CDC2L2,CDC2L2,NO,#N/A,FALSE,
NP_003709.3,CDC2L5,CDC2L5,NO,Q14004,TRUE,
NP_055891.1,CDC2L6,CDK11,NO,Q9BWU1,TRUE,
NP_001789.2,CDK2,CDK2,NO,#N/A,FALSE,
NP_001249.1,CDK3,CDK3,NO,Q00526,TRUE,
NP_000066.1,CDK4,CDK4-cyclinD1,NO,P11802,TRUE,
NP_000066.1,CDK4,CDK4-cyclinD3,NO,P11802,TRUE,
NP_004926.1,CDK5,CDK5,NO,Q00535,TRUE,
NP_001790.1,CDK7,CDK7,NO,P50613,TRUE,
NP_001251.1,CDK8,CDK8,NO,P49336,TRUE,
NP_001252.1,CDK9,CDK9,NO,P50750,TRUE,
NP_004187.2,CDKL1,CDKL1,NO,Q00532,TRUE,
NP_003939.1,CDKL2,CDKL2,NO,Q92772,TRUE,
NP_001107047.1,CDKL3,CDKL3,NO,Q8IVW4,TRUE,
NP_003150.1,CDKL5,CDKL5,NO,O76039,FALSE,
NP_001265.2,CHEK1,CHEK1,NO,O14757,TRUE,
NP_001005735.1,CHEK2,CHEK2,NO,O96017,TRUE,
NP_009105.1,CIT,CIT,NO,O14578,TRUE,
AAA61480.1,CLK1,CLK1,NO,P49759,TRUE,
NP_003984.2,CLK2,CLK2,NO,P49760,TRUE,
NP_003983.2,CLK3,CLK3,NO,P49761,TRUE,
NP_065717.1,CLK4,CLK4,NO,Q9HAZ1,TRUE,
NP_005202.2,CSF1R,CSF1R,NO,#N/A,FALSE,
NP_004374.1,CSK,CSK,NO,P41240,TRUE,
NP_001883.4,CSNK1A1,CSNK1A1,NO,P48729,TRUE,
NP_660204.1,CSNK1A1L,CSNK1A1L,NO,#N/A,FALSE,
NP_620693.1,CSNK1D,CSNK1D,NO,P48730,TRUE,
NP_001885.1,CSNK1E,CSNK1E,NO,P49674,FALSE,
NP_071331.2,CSNK1G1,CSNK1G1,NO,Q9HCP0,TRUE,
NP_001310.2,CSNK1G2,CSNK1G2,NO,#N/A,FALSE,
NP_004375.2,CSNK1G3,CSNK1G3,NO,Q9Y6M4,FALSE,
NP_001886.1,CSNK2A1,CSNK2A1,NO,P68400,TRUE,
NP_001887.1,CSNK2A2,CSNK2A2,NO,P19784,TRUE,
NP_002369.2,MATK,CTK,NO,P42679,TRUE,
NP_004929.2,DAPK1,DAPK1,NO,P53355,TRUE,
NP_055141.2,DAPK2,DAPK2,NO,Q9UIK4,TRUE,
NP_001339.1,DAPK3,DAPK3,NO,O43293,TRUE,
NP_004725.1,DCLK1,DCAMKL1,NO,O15075,TRUE,
NP_001035351.3,DCLK2,DCAMKL2,NO,Q8N568,TRUE,
NP_208382.1,DCLK3,DCAMKL3,NO,Q9C098,FALSE,
NP_001945.3,DDR1,DDR1,NO,Q08345,TRUE,
CAA52777.1,DDR2,DDR2,NO,Q16832,TRUE,
NP_006292.2,MAP3K12,DLK,NO,#N/A,FALSE,
NP_004400.4,DMPK,DMPK,NO,Q09013,TRUE,
NP_059995.2,CDC42BPG,DMPK2,NO,Q6DT37,TRUE,
NP_004751.1,STK17A,DRAK1,NO,#N/A,FALSE,
NP_004217.1,STK17B,DRAK2,NO,O94768,TRUE,
NP_569121.1,DYRK1A,DYRK1A,NO,#N/A,FALSE,
NP_004705.1,DYRK1B,DYRK1B,NO,Q9Y463,TRUE,
NP_003574.1,DYRK2,DYRK2,NO,Q92630,TRUE,
NP_005219.2,EGFR,EGFR,NO,P00533,TRUE,
NP_005219.2,EGFR,EGFR(E746-A750del),YES,#N/A,FALSE,
NP_005219.2,EGFR,EGFR(G719C),YES,#N/A,FALSE,
NP_005219.2,EGFR,EGFR(G719S),YES,#N/A,FALSE,
NP_005219.2,EGFR,"EGFR(L747-E749del, A750P)",YES,#N/A,FALSE,
NP_005219.2,EGFR,"EGFR(L747-S752del, P753S)",YES,#N/A,FALSE,
NP_005219.2,EGFR,"EGFR(L747-T751del,Sins)",YES,#N/A,FALSE,
NP_005219.2,EGFR,EGFR(L858R),YES,#N/A,FALSE,
NP_005219.2,EGFR,"EGFR(L858R,T790M)",YES,#N/A,FALSE,
NP_005219.2,EGFR,EGFR(L861Q),YES,#N/A,FALSE,
NP_005219.2,EGFR,EGFR(S752-I759del),YES,#N/A,FALSE,
NP_005219.2,EGFR,EGFR(T790M),YES,#N/A,FALSE,
NP_055228.2,EIF2AK1,EIF2AK1,NO,Q9BQI3,TRUE,
NP_005223.3,EPHA1,EPHA1,NO,#N/A,FALSE,
NP_004422.2,EPHA2,EPHA2,NO,P29317,TRUE,
NP_005224.2,EPHA3,EPHA3,NO,P29320,TRUE,
NP_004429.1,EPHA4,EPHA4,NO,P54764,TRUE,
NP_872272.2,EPHA5,EPHA5,NO,P54756,TRUE,
NP_001073917.2,EPHA6,EPHA6,NO,#N/A,FALSE,
NP_004431.1,EPHA7,EPHA7,NO,Q15375,TRUE,
NP_065387.1,EPHA8,EPHA8,NO,P29322,TRUE,
NP_004432.1,EPHB1,EPHB1,NO,P54762,TRUE,
NP_059145.2,EPHB2,EPHB2,NO,P29323,TRUE,
NP_004434.2,EPHB3,EPHB3,NO,P54753,TRUE,
NP_004435.3,EPHB4,EPHB4,NO,P54760,TRUE,
NP_004436.2,EPHB6,EPHB6,NO,O15197,TRUE,
NP_001005862.1,ERBB2,ERBB2,NO,P04626,TRUE,
NP_001973.2,ERBB3,ERBB3,NO,P21860,TRUE,
NP_001036064.1,ERBB4,ERBB4,NO,Q15303,TRUE,
NP_002737.2,MAPK3,ERK1,NO,P27361,TRUE,
NP_620407.1,MAPK1,ERK2,NO,P28482,TRUE,
NP_002739.1,MAPK6,ERK3,NO,Q16659,TRUE,
NP_002738.2,MAPK4,ERK4,NO,P31152,TRUE,
NP_002740.2,MAPK7,ERK5,NO,Q13164,TRUE,
NP_620590.2,MAPK15,ERK8,NO,Q8TD08,TRUE,
NP_001424.3,ERN1,ERN1,NO,O75460,TRUE,
NP_722560.1,PTK2,FAK,NO,Q05397,TRUE,
NP_005237.2,FER,FER,NO,P16591,TRUE,
NP_001996.1,FES,FES,NO,P07332,TRUE,
NP_075593.1,FGFR1,FGFR1,NO,P11362,TRUE,
NP_075259.4,FGFR2,FGFR2,NO,P21802,TRUE,
NP_000133.1,FGFR3,FGFR3,NO,#N/A,FALSE,
NP_000133.1,FGFR3,FGFR3(G697C),YES,#N/A,FALSE,
NP_075252.2,FGFR4,FGFR4,NO,P22455,TRUE,
NP_005239.1,FGR,FGR,NO,P09769,TRUE,
NP_002010.2,FLT1,FLT1,NO,P17948,TRUE,
NP_004110.2,FLT3,FLT3,NO,P36888,TRUE,
NP_004110.2,FLT3,FLT3(D835H),YES,#N/A,FALSE,
NP_004110.2,FLT3,FLT3(D835Y),YES,#N/A,FALSE,
NP_004110.2,FLT3,FLT3(ITD),YES,#N/A,FALSE,
NP_004110.2,FLT3,FLT3(K663Q),YES,#N/A,FALSE,
NP_004110.2,FLT3,FLT3(N841I),YES,#N/A,FALSE,
NP_004110.2,FLT3,FLT3(R834Q),YES,#N/A,FALSE,
NP_002011.1,FLT4,FLT4,NO,#N/A,FALSE,
NP_002022.1,FRK,FRK,NO,P42685,TRUE,
NP_694592.1,FYN,FYN,NO,P06241,TRUE,
NP_005246.2,GAK,GAK,NO,O14976,TRUE,
NP_001013725.2,EIF2AK4,"GCN2(Kin.Dom.2,S808G)",NO,Q9P2K8,TRUE,
NP_002920.1,GRK1,GRK1,NO,Q15835,TRUE,
NP_892027.2,GRK4,GRK4,NO,P32298,TRUE,
NP_631948.1,GRK7,GRK7,NO,Q8WTQ7,TRUE,
NP_063937.2,GSK3A,GSK3A,NO,P49840,TRUE,
NP_002084.2,GSK3B,GSK3B,NO,P49841,TRUE,
NP_002101.2,HCK,HCK,NO,P08631,TRUE,
NP_689909.2,HIPK1,HIPK1,NO,Q86Z02,TRUE,
NP_073577.3,HIPK2,HIPK2,NO,Q9H2X6,TRUE,
NP_005725.3,HIPK3,HIPK3,NO,Q9H422,TRUE,
NP_653286.2,HIPK4,HIPK4,NO,Q8NE63,TRUE,
NP_001036065.1,MAP4K1,HPK1,NO,Q92918,TRUE,
NP_055401.1,HUNK,HUNK,NO,P57058,TRUE,
NP_055735.1,ICK,ICK,NO,Q9UPZ9,FALSE,
NP_000866.1,IGF1R,IGF1R,NO,P08069,TRUE,
NP_001269.3,CHUK,IKK-alpha,NO,O15111,FALSE,
NP_001547.1,IKBKB,IKK-beta,NO,O14920,TRUE,
NP_054721.1,IKBKE,IKK-epsilon,NO,Q14164,TRUE,
NP_000199.2,INSR,INSR,NO,P06213,TRUE,
NP_055030.1,INSRR,INSRR,NO,P14616,TRUE,
NP_001560.2,IRAK1,IRAK1,NO,P51617,TRUE,
NP_009130.1,IRAK3,IRAK3,NO,#N/A,FALSE,
NP_057207.2,IRAK4,IRAK4,NO,Q9NWZ3,TRUE,
NP_005537.3,ITK,ITK,NO,Q08881,TRUE,
NP_002218.2,JAK1,JAK1(JH1domain-catalytic),NO,P23458,TRUE,
NP_002218.1,JAK1,JAK1(JH2domain-pseudokinase),NO,#N/A,FALSE,
NP_004963.1,JAK2,JAK2(JH1domain-catalytic),NO,O60674,FALSE,
NP_000206.2,JAK3,JAK3(JH1domain-catalytic),NO,P52333,TRUE,
NP_002741.1,MAPK8,JNK1,NO,#N/A,FALSE,
NP_620707.1,MAPK9,JNK2,NO,P45984,TRUE,
NP_002744.1,MAPK10,JNK3,NO,P53779,TRUE,
NP_000213.1,KIT,KIT,NO,P10721,TRUE,
NP_000213.1,KIT,KIT(A829P),YES,#N/A,FALSE,
NP_000213.1,KIT,KIT(D816H),YES,#N/A,FALSE,
NP_000213.1,KIT,KIT(D816V),YES,#N/A,FALSE,
NP_000213.1,KIT,KIT(L576P),YES,#N/A,FALSE,
NP_000213.1,KIT,KIT(V559D),YES,#N/A,FALSE,
NP_000213.1,KIT,"KIT(V559D,T670I)",YES,#N/A,FALSE,
NP_000213.1,KIT,"KIT(V559D,V654A)",YES,#N/A,FALSE,
NP_004681.1,LATS1,LATS1,NO,O95835,FALSE,
NP_055387.1,LATS2,LATS2,NO,#N/A,FALSE,
NP_005347.3,LCK,LCK,NO,P06239,TRUE,
NP_002305.1,LIMK1,LIMK1,NO,P53667,TRUE,
NP_005560.1,LIMK2,LIMK2,NO,P53671,TRUE,
NP_000446.1,STK11,LKB1,NO,Q15831,TRUE,
NP_005981.3,STK10,LOK,NO,O94804,TRUE,
NP_940980.3,LRRK2,LRRK2,NO,Q5S007,TRUE,
NP_940980.3,LRRK2,LRRK2(G2019S),YES,#N/A,FALSE,
NP_996844.1,LTK,LTK,NO,P29376,TRUE,
NP_002341.1,LYN,LYN,NO,#N/A,FALSE,
NP_004712.1,MAP3K13,LZK,NO,O43283,TRUE,
NP_005897.1,MAK,MAK,NO,P20794,TRUE,
NP_005912.1,MAP3K1,MAP3K1,NO,Q13233,TRUE,
NP_001001671.2,MAP3K15,MAP3K15,NO,Q6ZN16,TRUE,
NP_006600.3,MAP3K2,MAP3K2,NO,Q9Y2U5,TRUE,
NP_002392.2,MAP3K3,MAP3K3,NO,Q99759,TRUE,
NP_005913.2,MAP3K4,MAP3K4,NO,Q9Y6R4,TRUE,
NP_004570.2,MAP4K2,MAP4K2,NO,Q12851,FALSE,
NP_003609.2,MAP4K3,MAP4K3,NO,Q8IVH8,TRUE,
NP_663719.1,MAP4K4,MAP4K4,NO,#N/A,FALSE,
NP_006566.2,MAP4K5,MAP4K5,NO,Q9Y4K4,TRUE,
NP_116584.2,MAPKAPK2,MAPKAPK2,NO,P49137,TRUE,
NP_003659.2,MAPKAPK5,MAPKAPK5,NO,Q8IW41,TRUE,
NP_061120.3,MARK1,MARK1,NO,Q9P0L2,TRUE,
NP_059672.2,MARK2,MARK2,NO,Q7KZI7,TRUE,
NP_002367.4,MARK3,MARK3,NO,#N/A,FALSE,
NP_113605.2,MARK4,MARK4,NO,Q96L34,TRUE,
NP_055790.1,MAST1,MAST1,NO,Q9Y2H9,TRUE,
NP_002746.1,MAP2K1,MEK1,NO,Q02750,TRUE,
NP_109587.1,MAP2K2,MEK2,NO,P36507,TRUE,
NP_002747.2,MAP2K3,MEK3,NO,P46734,TRUE,
NP_003001.1,MAP2K4,MEK4,NO,P45985,TRUE,
NP_660143.1,MAP2K5,MEK5,NO,#N/A,FALSE,
NP_002749.2,MAP2K6,MEK6,NO,P52564,FALSE,
NP_055606.1,MELK,MELK,NO,Q14680,TRUE,
AAB60430.1,MERTK,MERTK,NO,Q12866,TRUE,
NP_000236.2,MET,MET,NO,P08581,TRUE,
NP_000236.2,MET,MET(M1250T),YES,#N/A,FALSE,
NP_000236.2,MET,MET(Y1235D),YES,#N/A,FALSE,
NP_001020108.1,MINK1,MINK,NO,Q8N4C8,FALSE,
NP_660186.1,MAP2K7,MKK7,NO,O14733,TRUE,
NP_001129025.1,MKNK1,MKNK1,NO,Q9BUB5,TRUE,
NP_060042.2,MKNK2,MKNK2,NO,Q9HBH9,TRUE,
NP_872299.2,MYLK3,MLCK,NO,Q32MK0,TRUE,
NP_149132.2,MAP3K9,MLK1,NO,P80192,TRUE,
NP_002437.2,MAP3K10,MLK2,NO,Q02779,TRUE,
NP_002410.1,MAP3K11,MLK3,NO,Q16584,TRUE,
NP_003598.2,CDC42BPA,MRCKA,NO,Q5VT25,TRUE,
NP_006026.3,CDC42BPB,MRCKB,NO,Q9Y5S2,TRUE,
NP_006273.1,STK4,MST1,NO,Q13043,TRUE,
NP_002438.2,MST1R,MST1R,NO,Q04912,TRUE,
NP_006272.1,STK3,MST2,NO,#N/A,FALSE,
NP_003567.2,STK24,MST3,NO,Q9Y6E0,TRUE,
NP_057626.2,MST4,MST4,NO,Q9P289,TRUE,
NP_004949.1,FRAP1,MTOR,NO,P42345,TRUE,
NP_005583.1,MUSK,MUSK,NO,O15146,TRUE,
NP_444254.3,MYLK,MYLK,NO,Q15746,TRUE,
NP_149109.1,MYLK2,MYLK2,NO,Q9H1R3,TRUE,
NP_001012418.1,MYLK4,MYLK4,NO,#N/A,FALSE,
NP_059129.3,MYO3A,MYO3A,NO,Q8NEV4,TRUE,
NP_001077084.1,MYO3B,MYO3B,NO,#N/A,FALSE,
NP_009202.1,STK38,NDR1,NO,Q15208,TRUE,
NP_055815.1,STK38L,NDR2,NO,Q9Y2H1,TRUE,
NP_036356.1,NEK1,NEK1,NO,Q96PY6,TRUE,
NP_665917.1,NEK11,NEK11,NO,Q8NG66,TRUE,
NP_002488.1,NEK2,NEK2,NO,P51955,TRUE,
NP_002489.1,NEK3,NEK3,NO,P51956,TRUE,
NP_003148.2,NEK4,NEK4,NO,P51957,TRUE,
NP_954983.1,NEK5,NEK5,NO,Q6P3R8,FALSE,
NP_055212.2,NEK6,NEK6,NO,Q9HC98,TRUE,
NP_598001.1,NEK7,NEK7,NO,Q8TDX7,TRUE,
NP_149107.3,NEK9,NEK9,NO,#N/A,FALSE,
NP_699192.1,MGC42105,NIM1,NO,Q8IY84,TRUE,
NP_057315.3,NLK,NLK,NO,Q9UBE8,TRUE,
NP_005100.1,OXSR1,OSR1,NO,O95747,TRUE,
NP_620581.1,MAPK14,p38-alpha,NO,Q16539,TRUE,
NP_002742.3,MAPK11,p38-beta,NO,Q15759,TRUE,
NP_002745.1,MAPK13,p38-delta,NO,O15264,TRUE,
AAB40118.1,MAPK12,p38-gamma,NO,P53778,TRUE,
NP_002567.3,PAK1,PAK1,NO,Q13153,TRUE,
NP_002568.2,PAK2,PAK2,NO,Q13177,TRUE,
NP_002569.1,PAK3,PAK3,NO,O75914,TRUE,
NP_001014834.1,PAK4,PAK4,NO,O96013,TRUE,
NP_064553.1,PAK6,PAK6,NO,Q9NQU5,TRUE,
NP_065074.1,PAK7,PAK7,NO,Q9P286,FALSE,
NP_006192.1,PCTK1,PCTK1,NO,Q00536,TRUE,
CAA47004.1,PCTK2,PCTK2,NO,Q00537,TRUE,
NP_002587.2,PCTK3,PCTK3,NO,#N/A,FALSE,
NP_006197.1,PDGFRA,PDGFRA,NO,P16234,TRUE,
NP_002600.1,PDGFRB,PDGFRB,NO,#N/A,FALSE,
NP_002604.1,PDPK1,PDPK1,NO,O15530,TRUE,
XP_001349680.1,PFB0815w,PFCDPK1(P.falciparum),NO,P62344,TRUE,
XP_001350280.1,MAL13P1.279,PFPK5(P.falciparum),NO,P61075,TRUE,
NP_631897.1,PFTK2,PFTAIRE2,NO,Q96Q40,TRUE,
NP_036527.1,PFTK1,PFTK1,NO,O94921,TRUE,
NP_006204.1,PHKG1,PHKG1,NO,Q16816,TRUE,
NP_000285.1,PHKG2,PHKG2,NO,P15735,TRUE,
NP_002637.2,PIK3C2B,PIK3C2B,NO,#N/A,FALSE,
NP_004561.2,PIK3C2G,PIK3C2G,NO,#N/A,FALSE,
NP_006209.2,PIK3CA,PIK3CA,NO,P42336,TRUE,
NP_006209.2,PIK3CA,PIK3CA(C420R),YES,#N/A,FALSE,
NP_006209.2,PIK3CA,PIK3CA(E542K),YES,#N/A,FALSE,
NP_006209.2,PIK3CA,PIK3CA(E545A),YES,#N/A,FALSE,
NP_006209.2,PIK3CA,PIK3CA(E545K),YES,#N/A,FALSE,
NP_006209.2,PIK3CA,PIK3CA(H1047L),YES,#N/A,FALSE,
NP_006209.2,PIK3CA,PIK3CA(H1047Y),YES,#N/A,FALSE,
NP_006209.2,PIK3CA,PIK3CA(I800L),YES,#N/A,FALSE,
NP_006209.2,PIK3CA,PIK3CA(M1043I),YES,#N/A,FALSE,
NP_006209.2,PIK3CA,PIK3CA(Q546K),YES,#N/A,FALSE,
NP_006210.1,PIK3CB,PIK3CB,NO,P42338,TRUE,
NP_005017.2,PIK3CD,PIK3CD,NO,#N/A,FALSE,
NP_002640.2,PIK3CG,PIK3CG,NO,P48736,TRUE,
NP_002642.1,PI4KB,PIK4CB,NO,Q9UBF8,TRUE,
NP_002639.1,PIM1,PIM1,NO,P11309,TRUE,
NP_006866.2,PIM2,PIM2,NO,Q9P1W9,TRUE,
NP_001001852.1,PIM3,PIM3,NO,#N/A,FALSE,
NP_001129110.1,PIP5K1A,PIP5K1A,NO,Q99755,TRUE,
NP_036530.1,PIP5K1C,PIP5K1C,NO,O60331,TRUE,
NP_003550.1,PIP4K2B,PIP5K2B,NO,P78356,TRUE,
NP_079055.2,PIP4K2C,PIP5K2C,NO,#N/A,FALSE,
NP_002721.1,PRKACA,PKAC-alpha,NO,P17612,TRUE,
NP_002722.1,PRKACB,PKAC-beta,NO,P22694,TRUE,
NP_872629.1,PKMYT1,PKMYT1,NO,Q99640,TRUE,
NP_998725.1,PKN1,PKN1,NO,Q16512,TRUE,
NP_006247.1,PKN2,PKN2,NO,Q16513,TRUE,
NP_214528.1,pknB,PKNB(M.tuberculosis),NO,P9WI81,TRUE,
NP_005021.2,PLK1,PLK1,NO,P53350,TRUE,
NP_006613.2,PLK2,PLK2,NO,Q9NYY3,TRUE,
NP_004064.2,PLK3,PLK3,NO,Q9H4B4,TRUE,
NP_055079.2,PLK4,PLK4,NO,#N/A,FALSE,
NP_006245.2,PRKCD,PRKCD,NO,Q05655,TRUE,
NP_005391.1,PRKCE,PRKCE,NO,Q02156,TRUE,
NP_006246.2,PRKCH,PRKCH,NO,P24723,TRUE,
NP_002731.3,PRKCI,PRKCI,NO,#N/A,FALSE,
NP_006248.1,PRKCQ,PRKCQ,NO,Q04759,TRUE,
NP_002733.2,PRKD1,PRKD1,NO,Q15139,TRUE,
NP_057541.2,PRKD2,PRKD2,NO,Q9BZL6,TRUE,
NP_005804.1,PRKD3,PRKD3,NO,O94806,TRUE,
NP_006249.1,PRKG1,PRKG1,NO,Q13976,TRUE,
NP_006250.1,PRKG2,PRKG2,NO,Q13237,TRUE,
NP_002750.1,EIF2AK2,PRKR,NO,P19525,TRUE,
NP_005035.1,PRKX,PRKX,NO,P51817,TRUE,
NP_003904.3,PRPF4B,PRP4,NO,Q13523,TRUE,
NP_775267.1,PTK2B,PYK2,NO,Q14289,TRUE,
BAA76843.2,KIAA0999,QSK,NO,Q9Y2K2,TRUE,
NP_002871.1,RAF1,RAF1,NO,P04049,TRUE,
NP_065681.1,RET,RET,NO,P07949,TRUE,
NP_065681.1,RET,RET(M918T),YES,#N/A,FALSE,
NP_065681.1,RET,RET(V804L),YES,#N/A,FALSE,
NP_065681.1,RET,RET(V804M),YES,#N/A,FALSE,
NP_113668.2,RIOK1,RIOK1,NO,Q9BRS2,TRUE,
NP_060813.1,RIOK2,RIOK2,NO,#N/A,FALSE,
NP_003822.2,RIOK3,RIOK3,NO,O14730,TRUE,
NP_003795.2,RIPK1,RIPK1,NO,Q13546,TRUE,
NP_003812.1,RIPK2,RIPK2,NO,O43353,TRUE,
NP_065690.2,RIPK4,RIPK4,NO,#N/A,FALSE,
Q6XUX3.1,DSTKY,RIPK5,NO,#N/A,FALSE,
NP_005397.1,ROCK1,ROCK1,NO,Q13464,TRUE,
NP_004841.2,ROCK2,ROCK2,NO,O75116,TRUE,
NP_002935.2,ROS1,ROS1,NO,P08922,TRUE,
NP_001006945.1,RPS6KA4,RPS6KA4(Kin.Dom.1-N-terminal),NO,O75676,TRUE,
NP_003933.1,RPS6KA4,RPS6KA4(Kin.Dom.2-C-terminal),NO,O75676,TRUE,
NP_872198.1,RPS6KA5,RPS6KA5(Kin.Dom.1-N-terminal),NO,O75582,TRUE,
NP_004746.2,RPS6KA5,RPS6KA5(Kin.Dom.2-C-terminal),NO,O75582,TRUE,
NP_002944.2,RPS6KA1,RSK1(Kin.Dom.1-N-terminal),NO,Q15418,TRUE,
NP_002944.2,RPS6KA1,RSK1(Kin.Dom.2-C-terminal),NO,Q15418,TRUE,
NP_004577.1,RPS6KA3,RSK2(Kin.Dom.1-N-terminal),NO,P51812,TRUE,
NP_066958.2,RPS6KA2,RSK3(Kin.Dom.1-N-terminal),NO,Q15349,TRUE,
NP_001006933.1,RPS6KA2,RSK3(Kin.Dom.2-C-terminal),NO,Q15349,TRUE,
NP_055311.1,RPS6KA6,RSK4(Kin.Dom.1-N-terminal),NO,#N/A,FALSE,
NP_055311.1,RPS6KA6,RSK4(Kin.Dom.2-C-terminal),NO,#N/A,FALSE,
NP_003152.1,RPS6KB1,S6K1,NO,P23443,TRUE,
NP_001019572.1,SBK1,SBK1,NO,Q52WX2,TRUE,
P0C264,SgK110,SgK110,NO,#N/A,FALSE,
NP_037389.4,SGK3,SGK3,NO,Q96BR1,TRUE,
NP_775490.2,SIK1,SIK,NO,P57059,TRUE,
NP_056006.1,SIK2,SIK2,NO,Q9H0K1,TRUE,
NP_055535.2,SLK,SLK,NO,Q9H2G2,TRUE,
NP_112214.1,NUAK2,SNARK,NO,#N/A,FALSE,
NP_060189.3,SNRK,SNRK,NO,Q9NRH2,TRUE,
NP_005408.1,SRC,SRC,NO,P12931,TRUE,
NP_543013.1,SRMS,SRMS,NO,Q9H3Y6,TRUE,
NP_003128.3,SRPK1,SRPK1,NO,Q96SB4,FALSE,
AAC05299.1,SRPK2,SRPK2,NO,P78362,TRUE,
NP_055185.2,SRPK3,SRPK3,NO,Q9UPE1,TRUE,
CAA06700.1,STK16,STK16,NO,O75716,TRUE,
NP_112168.1,STK33,STK33,NO,Q9BYT3,TRUE,
NP_543026.1,STK35,STK35,NO,#N/A,FALSE,
NP_056505.1,STK36,STK36,NO,#N/A,FALSE,
NP_037365.2,STK39,STK39,NO,Q9UEW8,TRUE,
NP_003168.2,SYK,SYK,NO,P43405,TRUE,
NP_663304.1,MAP3K7,TAK1,NO,O43318,TRUE,
NP_065842.1,TAOK1,TAOK1,NO,Q7L7X3,TRUE,
NP_057235.2,TAOK2,TAOK2,NO,Q9UL54,TRUE,
NP_057365.2,TAOK3,TAOK3,NO,#N/A,FALSE,
NP_037386.1,TBK1,TBK1,NO,Q9UHD2,TRUE,
NP_003206.1,TEC,TEC,NO,#N/A,FALSE,
NP_006276.2,TESK1,TESK1,NO,Q15569,FALSE,
NP_004603.1,TGFBR1,TGFBR1,NO,P36897,TRUE,
NP_003233.4,TGFBR2,TGFBR2,NO,P37173,TRUE,
NP_005415.1,TIE1,TIE1,NO,P35590,TRUE,
NP_000450.2,TEK,TIE2,NO,#N/A,FALSE,
NP_036422.3,TLK1,TLK1,NO,Q9UKI8,TRUE,
AAF03095.1,TLK2,TLK2,NO,Q86UE8,TRUE,
NP_055843.1,TNIK,TNIK,NO,Q9UKE5,TRUE,
NP_003976.2,TNK1,TNK1,NO,Q13470,FALSE,
NP_001010938.1,TNK2,TNK2,NO,Q07912,TRUE,
NP_057062.1,TNNI3K,TNNI3K,NO,Q59H18,TRUE,
NP_001012331.1,NTRK1,TRKA,NO,#N/A,FALSE,
NP_006171.2,NTRK2,TRKB,NO,Q16620,TRUE,
AAA75374.1,NTRK3,TRKC,NO,Q16288,TRUE,
NP_060132.3,TRPM6,TRPM6,NO,Q9BX84,TRUE,
NP_114417.1,TSSK1B,TSSK1B,NO,Q9BXA7,TRUE,
NP_003309.2,TTK,TTK,NO,P33981,TRUE,
NP_003319.2,TXK,TXK,NO,P42681,TRUE,
NP_003322.2,TYK2,TYK2(JH1domain-catalytic),NO,#N/A,FALSE,
NP_003322.3,TYK2,TYK2(JH2domain-pseudokinase),NO,P29597,TRUE,
NP_006284.2,TYRO3,TYRO3,NO,Q06418,TRUE,
NP_003556.1,ULK1,ULK1,NO,O75385,TRUE,
NP_055498.2,ULK2,ULK2,NO,#N/A,FALSE,
NP_001092906.1,ULK3,ULK3,NO,Q6PHR2,TRUE,
NP_002244.1,KDR,VEGFR2,NO,P35968,TRUE,
NP_006287.2,VRK2,VRK2,NO,Q86Y07,TRUE,
NP_003381.1,WEE1,WEE1,NO,P30291,TRUE,
P0C1S8,WEE2,WEE2,NO,#N/A,FALSE,
NP_001106195.1,STK32A,YANK1,NO,Q8WU08,TRUE,
NP_060871.1,STK32B,YANK2,NO,Q9NY57,TRUE,
NP_775846.2,STK32C,YANK3,NO,Q86UX6,TRUE,
NP_005424.1,YES1,YES,NO,P07947,TRUE,
NP_006365.2,STK25,YSK1,NO,O00506,TRUE,
NP_079328.3,YSK4,YSK4,NO,Q56UN5,TRUE,
NP_598407.1,ZAK,ZAK,NO,#N/A,FALSE,
NP_997402.1,ZAP70,ZAP70,NO,P43403,TRUE,
